"family","species","fecundity_unit","total_area","Nelietal_refs"
"Allophrynidae","Allophryne ruthveni","eggs per clutch",3053710.5,"Duellman 1997, Gottsberger and Gruber 2004, , "
"Alytidae","Alytes cisternasii","eggs per clutch",168642.92,"Marquez et al. 1997, Marquez 1992, , "
"Alytidae","Alytes obstetricans","eggs per clutch",989109.25,"Marquez et al. 1997, Marquez 1992, , "
"Bombinatoridae","Barbourula busuangensis","eggs per clutch",1822.371,"Inger 1954, , , "
"Bombinatoridae","Bombina bombina","eggs per clutch",2922424.3,"Kuzmin 1999, Wells 1977, , "
"Bombinatoridae","Bombina maxima",NA,215941.13,"Yang 1991, , , "
"Bombinatoridae","Bombina microdeladigitora",NA,29273.664,"Fei et al. 2009, , , "
"Bombinatoridae","Bombina orientalis","eggs per clutch",939596.81,"Okada 1966, Kuzmin 1999, , "
"Bombinatoridae","Bombina variegata","eggs per clutch",1092896.6,"Kuzmin 1999, Wells 1977, , "
"Brachycephalidae","Brachycephalus crispus",NA,NA,"Condez et al. 2014, , , "
"Brachycephalidae","Brachycephalus didactylus",NA,21853.559,"Pers. Comm. T. H. Condez, , , "
"Brachycephalidae","Brachycephalus ephippium","actual clutches",131379.69,"Pombal-Jr 1992, , , "
"Brachycephalidae","Brachycephalus ferruginus",NA,317.2439,"Alves et al. 2006, , , "
"Brachycephalidae","Brachycephalus pitanga",NA,NA,"Alves et al. 2009, , , "
"Brachycephalidae","Brachycephalus pombali",NA,254.50807,"Alves et al. 2006, , , "
"Brachycephalidae","Brachycephalus toby",NA,NA,"Haddad et al. 2010, , , "
"Brachycephalidae","Brachycephalus tridactylus",NA,NA,"Garey et al. 2012, , , "
"Brachycephalidae","Ischnocnema guentheri ","eggs per clutch",NA,"Giasson 2008, Haddad 1991, Giaretta and Facure 2008, "
"Brachycephalidae","Ischnocnema juipoca","eggs per clutch",457599.66,"Haddad 1991, Giaretta 1994, Giaretta and Facure 2008, "
"Brachycephalidae","Ischnocnema parva","eggs per clutch",124335.85,"Giasson 2008, Giaretta and Facure 2008, , "
"Brevicipitidae","Breviceps fichus",NA,17897.803,"Harper et al. 2010, Giaretta and Facure 2008, , "
"Brevicipitidae","Callulina dawida",NA,249.81775,"Loader et al. 2009, , , "
"Bufonidae","Amietophrynus maculatus",NA,NA,"Wells 1977, , , "
"Bufonidae","Amietophrynus pardalis",NA,NA,"Cherry 1992, , , "
"Bufonidae","Amietophrynus regularis","eggs per clutch",NA,"Wager 1965, Wells 1977, , "
"Bufonidae","Anaxyrus americanus","eggs per clutch",5220334,"Wilbur et al. 1978, Wright and Wright 1949, Howard 1988, Swanson et al. 2007"
"Bufonidae","Anaxyrus boreas","eggs per clutch",2848774.3,"Degenhardt et al. 1996, Wells 1977, , "
"Bufonidae","Anaxyrus canorus",NA,10315.946,"Wells 1977, , , "
"Bufonidae","Anaxyrus cognatus","eggs per clutch",2794686.3,"Degenhardt et al. 1996, Wells 1977, , "
"Bufonidae","Anaxyrus debilis",NA,1460017.8,"Bogert 1962, , , "
"Bufonidae","Anaxyrus exsul",NA,104.50843,"Murphy et al. 2003, Schuierer 1962, Wells 1977, "
"Bufonidae","Anaxyrus fowleri","eggs per clutch",1987215.1,"Hulse et al. 2001, Cook et al. 2011, , "
"Bufonidae","Anaxyrus quercicus",NA,447451.25,"Wilbur et al. 1978, , , "
"Bufonidae","Anaxyrus retiformis",NA,52065.539,"Bogert 1962, , , "
"Bufonidae","Anaxyrus woodhousii","eggs per clutch",3240842.3,"Degenhardt et al. 1996, Saenz et al. 2006, , "
"Bufonidae","Ansonia malayana",NA,84541.711,"Dring 1979, , , "
"Bufonidae","Atelopus chiriquiensis","eggs per clutch",NA,"Savage 2002, , , "
"Bufonidae","Atelopus senex",NA,NA,"Savage 1972, , , "
"Bufonidae","Atelopus spumarius",NA,805857.19,"Rodriguez and Duellman 1994, , , "
"Bufonidae","Atelopus varius","eggs per clutch",10807.328,"Savage 2002, , , "
"Bufonidae","Bufo aspinius","eggs per clutch",1323.4794,"Fei et al. 2009, , , "
"Bufonidae","Bufo bankorensis","eggs per clutch",21384.236,"Schimidt 1927, Pope 1931, , "
"Bufonidae","Bufo bufo","eggs per clutch",10558028,"Davies and Halliday 1977, Beebee and Griffiths 2000, Hettyey et al. 2005, , "
"Bufonidae","Bufo gargarizans","eggs per clutch",5228633,"Fei et al. 2009, , , "
"Bufonidae","Bufo stejnegeri","eggs per clutch",150769.8,"Fei et al. 2009, , , "
"Bufonidae","Bufo verrucosissimus","eggs per clutch",53326.113,"Kuzmin 1999, , , "
"Bufonidae","Bufotes pewzowi","eggs per clutch",NA,"Fei et al. 2009, , , "
"Bufonidae","Capensibufo rosei",NA,228.12277,"Channing 2001, Wells 1977, , "
"Bufonidae","Dendrophryniscus brevipollicatus","oocytes",43851.574,"Giasson 2008, , , "
"Bufonidae","Dendrophryniscus minutus","eggs per clutch",NA,"Rodriguez and Duellman 1994, Crump 1974, , "
"Bufonidae","Duttaphrynus himalayanus",NA,497708.84,"Yang 1991, Hu et al. 1987, , , "
"Bufonidae","Duttaphrynus melanostictus",NA,6929313.5,"Inger 1966, , , "
"Bufonidae","Incilius alvarius","eggs per clutch",363727.25,"Wright and Wright 1949, Wells 1977, , "
"Bufonidae","Incilius coccifer","eggs per clutch",138045.31,"Mendelson et al. 2005, Savage 2002, , "
"Bufonidae","Incilius ibarrai",NA,8185.3652,"Mendelson et al. 2005, , , "
"Bufonidae","Incilius nebulifer","eggs per clutch",665244.63,"Stebbins and Hendrickson 1959, Cei 1980, , "
"Bufonidae","Ingerophrynus biporcatus",NA,319456.13,"Inger 1966, , , "
"Bufonidae","Mertensophryne taitana",NA,1144604,"Stewart 1967, , , "
"Bufonidae","Peltophryne fustiger",NA,20829.486,"Valdes 1988, , , "
"Bufonidae","Peltophryne peltocephala",NA,82420.281,"Valdes 1988, , , "
"Bufonidae","Phrynoidis asper","eggs per clutch",1596041.8,"Inger 1966, Inger and Bacon 1968, , "
"Bufonidae","Rhaebo glaberrimus",NA,549171,"Bartlett and Bartlett 2003, , , "
"Bufonidae","Rhaebo haematiticus",NA,314258.88,"Savage 2002, , , "
"Bufonidae","Rhinella castaneotica","eggs per clutch",2985907.5,"Caramaschi and Niemeyer 2003, Caldwell and Araujo 2004, , "
"Bufonidae","Rhinella chavin","eggs per clutch",75.731194,"Lehr et al. 2001, , , "
"Bufonidae","Rhinella crucifer","actual clutches",378283.56,"Haddad 1991, , , "
"Bufonidae","Rhinella dapsilis",NA,171644.63,"Rodriguez and Duellman 1994, Wells 2007, , "
"Bufonidae","Rhinella icterica","actual clutches",1543815,"Haddad 1991, , , "
"Bufonidae","Rhinella margaritifera","eggs per clutch",9002226,"Crump 1974, Wells 1979, , "
"Bufonidae","Rhinella marina","eggs per clutch",11309015,"Stebbins and Hendrickson 1959, Crump 1974, Savage 2002, Wells 1977"
"Bufonidae","Rhinella ornata",NA,187477.63,"Giasson 2008, , , "
"Bufonidae","Rhinella schneideri",NA,NA,"Prado 2004, Prado et al. 2005, Pers. Obs. C. F. B. Haddad, "
"Bufonidae","Rhinella scitula","eggs per clutch",82.424355,"Caramaschi and Niemeyer 2003, Landgref Filho et al. 2002, , "
"Bufonidae","Schismaderma carens","eggs per clutch",2959574,"Channing 2001, Du Preez et al. 2003, Stewart 1967, Wager 1965, "
"Centrolenidae","Centrolene geckoideum","eggs per clutch",8570.499,"Lynch and Duellman 1973, , , "
"Centrolenidae","Cochranella euknemos","eggs per clutch",25146.664,"Savage 2002, Kubicki 2007, Kubicki 2007, , "
"Centrolenidae","Cochranella granulosa","eggs per clutch",94390.305,"Savage 2002, Kubicki 2007, , "
"Centrolenidae","Espadarana prosoblepon","eggs per clutch",344494.72,"Lynch and Duellman 1973, Savage 2002, Kubicki 2007, , "
"Centrolenidae","Hyalinobatrachium chirripoi","eggs per clutch",8995.374,"Kubicki 2007, , , "
"Centrolenidae","Hyalinobatrachium colymbiphyllum","eggs per clutch",112734.88,"Savage 2002, Kubicki 2007, Savage 2002, , "
"Centrolenidae","Hyalinobatrachium fleischmanni","eggs per clutch",404853.09,"Savage 2002, Savage 2002, Kubicki 2007, , "
"Centrolenidae","Hyalinobatrachium talamancae","eggs per clutch",519.06427,"Kubicki 2007, , , "
"Centrolenidae","Hyalinobatrachium valerioi","eggs per clutch",69675.469,"Savage 2002, Kubicki 2007, , , "
"Centrolenidae","Nymphargus griffithsi",NA,45955.223,"Lynch and Duellman 1973, Duellman and Trueb 1994, , "
"Centrolenidae","Sachatamia albomaculata",NA,81097.898,"Savage 2002, Kubicki 2007, , , "
"Centrolenidae","Sachatamia ilex","eggs per clutch",85100.023,"Savage 2002, Kubicki 2007, Kubicki 2007, , "
"Centrolenidae","Teratohyla midas","eggs per clutch",1396299.8,"Lynch and Duellman 1973, Crump 1974, , "
"Centrolenidae","Teratohyla pulverata","eggs per clutch",116688.05,"Savage 2002, , , "
"Centrolenidae","Teratohyla spinosa","eggs per clutch",99534.813,"Savage 2002, Kubicki 2007, Kubicki 2007, , "
"Ceratophryidae","Ceratophrys aurita",NA,616888.69,"Haddad et al. 2013, Natale et al. 2011, , "
"Ceratophryidae","Ceratophrys cranwelli","eggs per clutch",864094.44,"Perotti 1997, Natale et al. 2011, Marangoni et al. 2009, "
"Ceratophryidae","Ceratophrys joazeirensis",NA,49382.703,"Haddad et al. 2013, Natale et al. 2011, , "
"Ceratophryidae","Lepidobatrachus laevis","eggs per clutch",478666.41,"Perotti 1997, , , "
"Ceratophryidae","Lepidobatrachus llanensis","eggs per clutch",302269.19,"Perotti 1997, , , "
"Conrauidae","Conraua goliath","eggs per clutch",69656.375,"Sabater-Pi 1985, , , "
"Craugastoridae","Haddadus binotatus",NA,575360.94,"Dias et al. 2012, , , "
"Craugastoridae","Oreobates quixensis","eggs per clutch",1475035.9,"Duellman 1996, Crump 1974, , "
"Craugastoridae","Pristimantis croceoinguinis","eggs per clutch",149848.42,"Crump 1974, , , "
"Craugastoridae","Pristimantis lanthanites","eggs per clutch",601850.56,"Crump 1974, , , "
"Craugastoridae","Pristimantis variabilis","eggs per clutch",741678.69,"Crump 1974, , , "
"Cycloramphidae","Cycloramphus boraceiensis","oocytes",27118.324,"Hartmann 2004, , , "
"Cycloramphidae","Thoropa lutzi","actual clutches",17811.678,"Feio 2002, , , "
"Cycloramphidae","Thoropa megatympanum","oocytes",22064.307,"Feio 2002, Eterovick 1998, , "
"Cycloramphidae","Thoropa miliaris","oocytes",498743.13,"Feio 2002, , , "
"Cycloramphidae","Thoropa petropolitana",NA,16309.519,"Feio 2002, , , "
"Cycloramphidae","Thoropa saxatilis",NA,4881.123,"Feio 2002, , , "
"Cycloramphidae","Thoropa taophora","eggs per clutch",NA,"Hartmann 2004, Giaretta and Facure 2004, , "
"Dendrobatidae","Adelphobates galactonotus",NA,568781.25,"Silverstone 1975, , , "
"Dendrobatidae","Adelphobates quinquevittatus",NA,1439541.5,"Silverstone 1975, Myers 1982, , , "
"Dendrobatidae","Allobates brunneus",NA,1912849.3,"Caldwell and Lima 2003, , , "
"Dendrobatidae","Allobates caeruleodactylus",NA,1762.6687,"Caldwell and Lima 2003, Lima et al. 2002, , "
"Dendrobatidae","Allobates femoralis","eggs per clutch",5606481,"Silverstonee 1976, Crump 1974, H<f6>dl et al. 2004, "
"Dendrobatidae","Allobates nidicola","eggs per clutch",13.530924,"Caldwell and Lima 2003, , , "
"Dendrobatidae","Allobates talamancae","eggs per clutch",116671.91,"Savage 2002, Pr<f6>hl 2005, , "
"Dendrobatidae","Allobates zaparo",NA,47502.848,"Silverstone 1976, , , "
"Dendrobatidae","Ameerega hahneli","eggs per clutch",3956336,"Rodriguez and Duellman 1994, Gottsberger and Gruber 2004, , "
"Dendrobatidae","Ameerega parvula","eggs per clutch",192116.22,"Silverstone 1976, Crump 1974, Crump 1974, Wells 2007, "
"Dendrobatidae","Ameerega petersi",NA,90703.047,"Silverstone 1976, , , "
"Dendrobatidae","Ameerega picta","eggs per clutch",2360539,"Silverstone 1976, Crump 1974, Crump 1974, Wells 2007, "
"Dendrobatidae","Ameerega pulchripecta",NA,7021.8208,"Silverstone 1976, , , "
"Dendrobatidae","Ameerega Silverstoneei","eggs per clutch",NA,"Myers and Daly 1979, , , "
"Dendrobatidae","Ameerega trivittata","eggs per clutch",4331945,"Silverstone 1976, Duellman 1996, Myers and Daly 1979, Rodriguez and Duellman 1994, Silverstone 1976, Roithmair 1994, "
"Dendrobatidae","Andinobates fulguritus",NA,39817.047,"Silverstone 1975, , , "
"Dendrobatidae","Andinobates minutus",NA,55609.75,"Silverstone 1975, , , "
"Dendrobatidae","Anomaloglossus stepheni","eggs per clutch",24168.461,"Caldwell and Lima 2003, Junca and Rodrigues 2006, , "
"Dendrobatidae","Dendrobates auratus","eggs per clutch",115938.55,"Silverstone 1975, Summers 1989, Dunn 1941, Savage 2002, Eens and Pinxten 2000, "
"Dendrobatidae","Dendrobates leucomelas","eggs per clutch",831562.94,"Silverstone 1975, Summers 1989, Summers 1992a, Summers 1992b, "
"Dendrobatidae","Dendrobates tinctorius","eggs per clutch",525082.81,"Silverstone 1975, Summers et al. 1999, , "
"Dendrobatidae","Dendrobates truncatus","eggs per clutch",66001.844,"Silverstone 1975, Summers et al. 1999, , "
"Dendrobatidae","Epipedobates anthonyi",NA,20770.836,"Silverstone 1976, , , "
"Dendrobatidae","Epipedobates boulengeri",NA,53693.035,"Silverstone 1976, , , "
"Dendrobatidae","Epipedobates tricolor",NA,4671.2207,"Duellman and Wild 1993, Silverstone 1976, Hermans et al. 2002, , "
"Dendrobatidae","Hyloxalus awa","eggs per clutch",31193.076,"Coloma 1995, , , "
"Dendrobatidae","Hyloxalus elachyhistus","eggs per clutch",24992.199,"Duellman and Wild 1993, Edwards 1971, , "
"Dendrobatidae","Hyloxalus idiomelus",NA,2168.373,"Duellman 2004, , , "
"Dendrobatidae","Hyloxalus insulatus",NA,15135.118,"Duellman 2004, , , "
"Dendrobatidae","Hyloxalus nexipus",NA,31137.264,"Coloma 1995, Duellman 2004, , , "
"Dendrobatidae","Hyloxalus subpunctatus","eggs per clutch",11032.547,"Stebbins and Hendrickson 1959, , , "
"Dendrobatidae","Hyloxalus sylvaticus",NA,784.38226,"Duellman and Wild 1993, Duellman 2004, , , "
"Dendrobatidae","Hyloxalus vertebralis",NA,5940.8833,"Coloma 1995, Edwards 1971, , , "
"Dendrobatidae","Mannophryne trinitatis","eggs per clutch",1339.0099,"Sexton 1960, Jowers and Downie 2005, , "
"Dendrobatidae","Oophaga granulifera","eggs per clutch",6160.5269,"Silverstone 1975, Savage 2002, , "
"Dendrobatidae","Oophaga histrionica",NA,NA,"Silverstone 1975, Summers 1989, Myers and Bohme 1996, Summers 1992b, , "
"Dendrobatidae","Oophaga lehmanni",NA,NA,"Myers and Daly 1976, , , "
"Dendrobatidae","Oophaga pumilio","eggs per clutch",61188.488,"Silverstone 1975, Summers 1979, Pr<f6>hl 2005, Wells 1977, "
"Dendrobatidae","Oophaga speciosa",NA,NA,"Silverstone 1975, Jungfer 1985, , "
"Dendrobatidae","Phyllobates aurotaenia",NA,21364.857,"Silverstone 1976, , , "
"Dendrobatidae","Phyllobates bicolor","eggs per clutch",2879.2971,"Silverstone 1976, Myers and Bohme 1996, Myers et al. 1978, L<f6>tters et al. 2007, , "
"Dendrobatidae","Phyllobates lugubris","eggs per clutch",18990.07,"Silverstone 1976, L<f6>tters et al. 2007, , "
"Dendrobatidae","Phyllobates terribilis","eggs per clutch",1288.437,"Myers et al. 1978, Wells 2007, , "
"Dendrobatidae","Phyllobates vittatus","eggs per clutch",4112.3062,"Silverstone 1976, Savage 2002, Silverstone 1976, Summers 2000, "
"Dendrobatidae","Ranitomeya imitator","eggs per clutch",9929.3809,"Brown et al. 2008, Schulte 1986, , "
"Dendrobatidae","Ranitomeya reticulata","eggs per clutch",26307.98,"Myers 1982, Rodriguez and Duellman 1994, , "
"Dendrobatidae","Ranitomeya vanzolinii","eggs per clutch",128664.05,"Myers 1982, L<f6>tters et al. 2007, , "
"Dendrobatidae","Ranitomeya variabilis","eggs per clutch",2287.9695,"Brown et al. 2008, , , "
"Dendrobatidae","Ranitomeya ventrimaculata","eggs per clutch",2526746.5,"Rodriguez and Duellman 1994, Poelman and Dicke 2006, , "
"Dendrobatidae","Silverstoneeia flotator",NA,NA,"Savage 2002, , , "
"Dendrobatidae","Silverstoneeia nubicola",NA,NA,"Savage 2002, , , "
"Dicroglossidae","Euphlyctis cyanophlyctis",NA,4432673,"Gramapurohit et al. 2005, Khan and Malik 1987, , "
"Dicroglossidae","Fejervarya cancrivora",NA,1168460.4,"Inger 1966, , , "
"Dicroglossidae","Fejervarya limnocharis","eggs per clutch",8880017,"Inger 1966, Chen 1991, Ye et al. 1993, Ye et al. 1993, "
"Dicroglossidae","Fejervarya nicobariensis",NA,NA,"Inger 1966, , , "
"Dicroglossidae","Hoplobatrachus rugulosus","eggs per clutch",3011302.8,"Chen 1991, Huang et al. 1990, , "
"Dicroglossidae","Limnonectes fujianensis","eggs per clutch",446040.81,"Fei et al. 2009, , , "
"Dicroglossidae","Limnonectes gyldenstolpei",NA,367851.06,"Ohler et al. 2002, , , "
"Dicroglossidae","Limnonectes kuhlii","eggs per clutch",2033931.6,"Yang 1991, Chen 1991, Tsuji 2004, Tsuji and Lue 2000"
"Dicroglossidae","Limnonectes laticeps",NA,341490.44,"Dring 1979, , , "
"Dicroglossidae","Limnonectes microdiscus","eggs per clutch",142316.13,"Inger 1966, , , "
"Dicroglossidae","Nannophrys ceylonensis",NA,8067.2681,"Wickramasinghe et al. 2004, , , "
"Dicroglossidae","Nanorana conaensis",NA,371.0567,"Fei et al. 2009, , , "
"Dicroglossidae","Nanorana liebigii",NA,261438.78,"Fei et al. 2009, , , "
"Dicroglossidae","Nanorana parkeri",NA,367650.84,"Hu et al. 1987, , , "
"Dicroglossidae","Nanorana pleskei",NA,141616.7,"Ye et al. 1993, , , "
"Dicroglossidae","Nanorana taihangnica",NA,70363.438,"Fei et al. 2009, , , "
"Dicroglossidae","Nanorana ventripunctata","eggs per clutch",29325.26,"Fei et al. 2009, , , "
"Dicroglossidae","Nanorana yunnanensis","eggs per clutch",555007.38,"Pope 1931, Ye et al. 1993, , "
"Dicroglossidae","Quasipaa boulengeri",NA,990749.63,"Yang 1991, , , "
"Dicroglossidae","Quasipaa exilispinosa",NA,322943.03,"Fei et al. 2009, , , "
"Dicroglossidae","Quasipaa jiulongensis",NA,39299.582,"Fei et al. 2009, , , "
"Dicroglossidae","Quasipaa shini","eggs per clutch",102297.28,"Fei et al. 2009, , , "
"Dicroglossidae","Quasipaa spinosa","eggs per clutch",1161264.1,"Chen 1991, Chen 1991, Pope 1931, , "
"Dicroglossidae","Quasipaa yei",NA,21970.92,"Fei et al. 2009, , , "
"Eleutherodactylidae","Diasporus diastema","eggs per clutch",108431.38,"Savage 2002, Ovaska and Rand 2001, , "
"Eleutherodactylidae","Eleutherodactylus coqui","eggs per clutch",12954.929,"Woolbright 1989, Towsend et al. 1994, Duellman and Trueb 1994, Wells 1977, "
"Eleutherodactylidae","Eleutherodactylus cundalli","eggs per clutch",6269.4868,"Diesel et al. 1995, Schwartz and Henderson 1991, Diesel et al. 1995, , "
"Eleutherodactylidae","Eleutherodactylus johnstonei","eggs per clutch",89254.055,"Ortega et al. 2005, Savage 2002, Ovaska and Hunte 1992, Pers. Obs. C. F. B. Haddad"
"Hemiphractidae","Stefania evansi","eggs per clutch",46410.688,"Duellman and Hoogmoed 1984, , , "
"Hemisotidae","Hemisus marmoratus","eggs per clutch",9849658,"R<f6>del 2000, Wager 1965, , "
"Hylidae","Acris crepitans","eggs per clutch",3205018,"Wright and Wright 1949, Duellman and Dennis 2001, Degenhardt et al. 1996, Smith 1950, Wagner 1989, Saenz et al. 2006"
"Hylidae","Acris gryllus","eggs per clutch",663873.69,"Wright and Wright 1949, Stebbins 1951, , "
"Hylidae","Agalychnis callidryas","eggs per clutch",496781.81,"Duellman and Dennis 2001, Duellman and Dennis 2001, Savage 2002, Wells 1977, Donnelly and Guyer 1994"
"Hylidae","Agalychnis dacnicolor","eggs per clutch",148236.03,"Duellman and Dennis 2001, Bagnara et al. 1986, Duellman and Dennis 2001, , "
"Hylidae","Agalychnis lemur","eggs per clutch",16484.301,"Duellman 1956, Savage 2002, Abrunhosa 2004, Savage 2002, "
"Hylidae","Agalychnis saltator","eggs per clutch",14086.26,"Duellman and Dennis 2001, Savage 2002, Roberts 1994, "
"Hylidae","Agalychnis spurrelli",NA,131995.44,"Duellman and Dennis 2001, Gomez-Mestre et al. 2008, , "
"Hylidae","Anotheca spinosa","eggs per clutch",NA,"Duellman and Dennis 2001, Savage 2002, Schiesari et al. 2003, , "
"Hylidae","Aplastodiscus albofrenatus",NA,16177.91,"Pers. Comm. B. V. M. Berneck, , , "
"Hylidae","Aplastodiscus arildae",NA,162430.41,"Zina 2006, , , "
"Hylidae","Aplastodiscus leucopygius","actual clutches",115262.52,"Haddad 1991, Zina 2006, , "
"Hylidae","Aplastodiscus perviridis","eggs per clutch",1004977.6,"Haddad et al. 2005, Pers Comm. B. V. M. Berneck, , "
"Hylidae","Bokermannohyla alvarengai","actual clutches",138421.66,"Eterovick 1998, , , "
"Hylidae","Bokermannohyla astartea",NA,72030.656,"Napoli 2000, , , "
"Hylidae","Bokermannohyla capra",NA,NA,"Napoli and Pimenta 2009, , , "
"Hylidae","Bokermannohyla circumdata",NA,37766.492,"Giasson 2008, Pers. Obs. C. F. B. Haddad, , "
"Hylidae","Bokermannohyla hylax",NA,61424.855,"Giasson 2008, Pers. Obs. C. F. B. Haddad, , "
"Hylidae","Bokermannohyla ibitiguara","eggs per clutch",7.7231083,"Nali and Prado 2012, , , "
"Hylidae","Bokermannohyla ibitipoca",NA,1.4214443,"Napoli 2000, , , "
"Hylidae","Bokermannohyla itapoty","actual clutches",2375.9524,"Lugli 2003, , , "
"Hylidae","Bokermannohyla izecksohni",NA,65.62674,"Napoli 2000, , , "
"Hylidae","Bokermannohyla luctuosa","actual clutches",13286.038,"Haddad 1991, Pers. Obs. C.F.B. Haddad, , "
"Hylidae","Bokermannohyla martinsi",NA,21857.486,"Lutz 1973, , , "
"Hylidae","Bokermannohyla oxente","actual clutches",7471.7095,"Lugli 2003, , , "
"Hylidae","Bokermannohyla ravida",NA,10.715254,"Caramaschi et al. 2001, , , "
"Hylidae","Bromeliohyla bromeliacia","eggs per clutch",6976.6328,"Lee 2000, Duellman and Dennis 2001, , "
"Hylidae","Charadrahyla taeniopus",NA,6562.9312,"Duellman and Dennis 2001, , , "
"Hylidae","Cruziohyla calcarifer","eggs per clutch",27000.152,"Duellman and Dennis 2001, Duellman and Dennis 2001, Savage 2002, , "
"Hylidae","Dendropsophus anceps",NA,206059.89,"Lutz 1973, , , "
"Hylidae","Dendropsophus aperomeus",NA,21541.572,"Duellman 1982, , , "
"Hylidae","Dendropsophus berthalutzae","actual clutches",70531.578,"Hartmann 2004, , , "
"Hylidae","Dendropsophus bifurcus","eggs per clutch",1455886.5,"Crump 1974, , , "
"Hylidae","Dendropsophus bipunctatus",NA,149209.41,"Lutz 1973, , , "
"Hylidae","Dendropsophus brevifrons","eggs per clutch",1596303.8,"Crump 1974, Duellman and Crump 1974, Crump 1974, , "
"Hylidae","Dendropsophus ebraccatus",NA,233874.91,"Duellman and Dennis 2001, Savage 2002, Donnelly and Guyer 1994, "
"Hylidae","Dendropsophus elegans","actual clutches",650106.75,"Bastos and Haddad 1996, , , "
"Hylidae","Dendropsophus giesleri","oocytes",42348.195,"Hartmann 2004, , , "
"Hylidae","Dendropsophus koechlini",NA,1203224.4,"Rodriguez and Duellman 1994, , , "
"Hylidae","Dendropsophus leucophyllatus","eggs per clutch",5524948.5,"Crump 1974, Savage 2002, , "
"Hylidae","Dendropsophus marmoratus","eggs per clutch",4846601,"Crump 1974, , , "
"Hylidae","Dendropsophus meridensis",NA,882.88647,"Duellman 1989, , , "
"Hylidae","Dendropsophus microcephalus","eggs per clutch",5565010,"Stebbins and Hendrickson 1959, Duellman and Dennis 2001, Stebbins and Hendrickson 1959, , "
"Hylidae","Dendropsophus microps",NA,294576.13,"Giasson 2008, Pers. Comm. L.O.M. Giasson, Gridi-Papp 1997, "
"Hylidae","Dendropsophus minusculus",NA,602799.31,"Duellman 1997, , , "
"Hylidae","Dendropsophus minutus","eggs per clutch",11040806,"Prado 2004, Arzabe 1998, Giasson 2008, Crump 1974"
"Hylidae","Dendropsophus miyatai",NA,1329968.1,"Bartlett and Bartlett 2003, , , "
"Hylidae","Dendropsophus nanus","actual clutches",8159541,"Prado 2004, Del-Grande 1995, , "
"Hylidae","Dendropsophus parviceps","eggs per clutch",4479617.5,"Crump 1974, Duellman and Crump 1974, Crump 1974, , "
"Hylidae","Dendropsophus rhodopeplus","eggs per clutch",1469125.1,"Crump 1974, Duellman 1996, Rodriguez and Duellman 1994, Crump 1974, , "
"Hylidae","Dendropsophus riveroi",NA,2398649,"Duellman 1996, , , "
"Hylidae","Dendropsophus robertmertensi",NA,19483.203,"Duellman and Dennis 2001, , , "
"Hylidae","Dendropsophus rubicundulus",NA,2548727.5,"Lutz 1973, , , "
"Hylidae","Dendropsophus sanborni","actual clutches",1037379.3,"Del-Grande 1995, , , "
"Hylidae","Dendropsophus sarayacuensis","eggs per clutch",1753949,"Crump 1974, , , "
"Hylidae","Dendropsophus sartori",NA,54763.547,"Duellman and Dennis 2001, , , "
"Hylidae","Dendropsophus seniculus",NA,259307.2,"Lutz 1973, , , "
"Hylidae","Dendropsophus timbeba",NA,116151.98,"Rodriguez and Duellman 1994, , , "
"Hylidae","Dendropsophus triangulum","eggs per clutch",2561298,"Crump 1974, Duellman and Crump 1974, Crump 1974, Pers. Obs. C. F. B. Haddad, "
"Hylidae","Dendropsophus werneri","actual clutches",56976.664,"Miranda et al. 2008, , , "
"Hylidae","Duellmanohyla rufioculis","eggs per clutch",20510.268,"Duellman and Dennis 2001, Savage 2002, , "
"Hylidae","Ecnomiohyla miliaria",NA,13433.209,"Duellman and Dennis 2001, Savage 2002, , "
"Hylidae","Ecnomiohyla miotympanum","eggs per clutch",NA,"Duellman and Dennis 2001, , , "
"Hylidae","Exerodonta melanomma",NA,1328.4666,"Duellman and Dennis 2001, , , "
"Hylidae","Exerodonta sumichrasti",NA,40451.191,"Duellman and Dennis 2001, , , "
"Hylidae","Hyla andersonii","eggs per clutch",NA,"Wright and Wright 1949, Hulse et al. 2001, Wells 1977, "
"Hylidae","Hyla annectans",NA,1032790.7,"Yang 1991, Ye et al. 1993, , , "
"Hylidae","Hyla arborea","eggs per clutch",3786182.3,"Chen 1991, Kuzmin 1999, Wells 1977, "
"Hylidae","Hyla arenicolor",NA,NA,"Wright and Wright 1949, Wells 1977, , "
"Hylidae","Hyla avivoca","eggs per clutch",NA,"Wright and Wright 1949, M. Redmer, unpublished data, , "
"Hylidae","Hyla chinensis","eggs per clutch",656375.69,"Pope 1931, Ye et al. 1993, Huang et al. 1990, Chen 1991, , "
"Hylidae","Hyla chrysoscelis","eggs per clutch",NA,"Wright and Wright 1949, Hulse et al. 2001, Fellers 1979, Ritke and Semlitsch 1991"
"Hylidae","Hyla cinerea","eggs per clutch",NA,"Garton and Brandon 1975, Saenz et al. 2006, , "
"Hylidae","Hyla euphorbiacea",NA,NA,"Duellman and Dennis 2001, , , "
"Hylidae","Hyla eximia",NA,NA,"Duellman and Dennis 2001, , , "
"Hylidae","Hyla femoralis",NA,NA,"Wright and Wright 1949, , , "
"Hylidae","Hyla gratiosa",NA,NA,"Wright and Wright 1949, , , "
"Hylidae","Hyla japonica","eggs per clutch",NA,"Okada 1966, Kuzmin 1999, Hirai and Matsui 2000, "
"Hylidae","Hyla meridionalis",NA,681854.06,"Wells 1977, , , "
"Hylidae","Hyla plicata",NA,NA,"Duellman and Dennis 2001, , , "
"Hylidae","Hyla squirella","eggs per clutch",NA,"Wright and Wright 1949, Fellers 1979, , "
"Hylidae","Hyla tsinlingensis",NA,89298.633,"Fei et al. 2009, , , "
"Hylidae","Hyla versicolor","eggs per clutch",NA,"Wright and Wright 1949, Smith 1950, Fellers 1979, Gibbs and Breisch 2001"
"Hylidae","Hyla walkeri",NA,NA,"Duellman and Dennis 2001, , , "
"Hylidae","Hyla wrightorum",NA,NA,"Wright and Wright 1949, , , "
"Hylidae","Hyloscirtus armatus",NA,57355.309,"Duellman 1997, , , "
"Hylidae","Hyloscirtus colymba",NA,15839.904,"Duellman 1972, , , "
"Hylidae","Hyloscirtus palmeri",NA,91666.508,"Savage 2002, , , "
"Hylidae","Hyloscirtus phyllognathus",NA,129430.39,"Duellman 1972, , , "
"Hylidae","Hyloscirtus simmonsi",NA,1933.6306,"Duellman 1989, , , "
"Hylidae","Hypsiboas albomarginatus",NA,NA,"Giasson and Haddad 2007, , , "
"Hylidae","Hypsiboas albopunctatus",NA,NA,"Cardana 1995, Uetanabaro et al. 2008, , "
"Hylidae","Hypsiboas balzani",NA,NA,"Duellman 1997, , , "
"Hylidae","Hypsiboas bischoffi","actual clutches",NA,"Haddad 1991, , , "
"Hylidae","Hypsiboas boans","eggs per clutch",NA,"Magnusson et al. 1999, Crump 1974, , "
"Hylidae","Hypsiboas caipora","eggs per clutch",NA,"Antunes 2007, , , "
"Hylidae","Hypsiboas calcaratus","eggs per clutch",NA,"Crump 1974, , , "
"Hylidae","Hypsiboas cinerascens","eggs per clutch",NA,"Crump 1974, , , "
"Hylidae","Hypsiboas crepitans","eggs per clutch",NA,"Duellman and Dennis 2001, Stebbins and Hendrickson 1959, Stebbins and Hendrickson 1959, , "
"Hylidae","Hypsiboas curupi","eggs per clutch",NA,"Antunes et al. 2008, Garcia et al. 2007, , "
"Hylidae","Hypsiboas faber","actual clutches",NA,"Martins and Haddad 1988, Martins 1993, , "
"Hylidae","Hypsiboas fasciatus","eggs per clutch",NA,"Crump 1974, Duellman 1996, Crump 1974, , "
"Hylidae","Hypsiboas geographicus","eggs per clutch",NA,"Crump 1974, , , "
"Hylidae","Hypsiboas goianus","actual clutches",NA,"Menin et al. 2004, , , "
"Hylidae","Hypsiboas guentheri",NA,NA,"Lutz 1973, , , "
"Hylidae","Hypsiboas heilprini","eggs per clutch",NA,"Trueb 1974, Nali et al. 2014, , "
"Hylidae","Hypsiboas lanciformis","eggs per clutch",NA,"Crump 1974, , , "
"Hylidae","Hypsiboas lemai","eggs per clutch",NA,"Duellman 1997, , , "
"Hylidae","Hypsiboas leucocheilus",NA,NA,"Caramaschi and Niemeyer 2003, , , "
"Hylidae","Hypsiboas marianitae",NA,NA,"Duellman 1997, , , "
"Hylidae","Hypsiboas multifasciatus",NA,NA,"Cardana 1995, , , "
"Hylidae","Hypsiboas nympha",NA,NA,"Faivovich et al. 2006, , , "
"Hylidae","Hypsiboas pardalis",NA,NA,"Giasson 2008, Lutz 1973, , "
"Hylidae","Hypsiboas polytaenius","actual clutches",NA,"Gridi-Papp 1997, , , "
"Hylidae","Hypsiboas prasinus","actual clutches",NA,"Haddad 1991, , , "
"Hylidae","Hypsiboas pulchellus",NA,NA,"Lutz 1973, , , "
"Hylidae","Hypsiboas raniceps","actual clutches",NA,"Prado 2004, Prado et al. 2005, , "
"Hylidae","Hypsiboas riojanus",NA,NA,"Duellman 1997, , , "
"Hylidae","Hypsiboas rosenbergi","eggs per clutch",NA,"Duellman and Dennis 2001, Savage 2002, Wells 1977, "
"Hylidae","Hypsiboas rufitelus",NA,NA,"Duellman and Dennis 2001, , , "
"Hylidae","Hypsiboas semiguttatus",NA,NA,"Garcia et al. 2007, , , "
"Hylidae","Hypsiboas sibleszi","eggs per clutch",NA,"Duellman 1997, , , "
"Hylidae","Isthmohyla pseudopuma","eggs per clutch",5381.2285,"Duellman and Dennis 2001, Savage 2002, Crump and Towsend 1990, "
"Hylidae","Isthmohyla rivularis","eggs per clutch",3825.7441,"Duellman and Dennis 2001, Savage 2002, , "
"Hylidae","Isthmohyla tica","eggs per clutch",5714.1924,"Duellman and Dennis 2001, Savage 2002, , "
"Hylidae","Isthmohyla zeteki","eggs per clutch",1242.5847,"Duellman and Dennis 2001, Savage 2002, , "
"Hylidae","Itapotihyla langsdorffii","eggs per clutch",516878.13,"Hartmann 2004, , , "
"Hylidae","Litoria arfakiana",NA,196912.34,"Menzies 1976, , , "
"Hylidae","Litoria aurea","eggs per clutch",176016.09,"Moore 1961, Byrne et al. 2002, , "
"Hylidae","Litoria australis","eggs per clutch",1143093.9,"Parker 1940, Predavec and Dickman 1993, , "
"Hylidae","Litoria brevipes","eggs per clutch",850690.44,"Parker 1940, Byrne et al. 2002, , "
"Hylidae","Litoria caerulea","eggs per clutch",4099274,"Moore 1961, Moore 1961, Tyler 1983, , "
"Hylidae","Litoria freycineti",NA,57733.406,"Moore 1961, , , "
"Hylidae","Litoria peronii","eggs per clutch",1024965.6,"Tyler 1978, Wells 1977, Byrne et al. 2002, "
"Hylidae","Litoria rubella","eggs per clutch",4762597.5,"Tyler 1978, Tyler 1978, 1998, , "
"Hylidae","Lysapsus limellum","actual clutches",812078.06,"Prado 2004, , , "
"Hylidae","Nyctimantis rugiceps",NA,45141.113,"Duellman and Dennis 2001, , , "
"Hylidae","Nyctimystes cheesmani",NA,15837.597,"Menzies 1976, , , "
"Hylidae","Nyctimystes foricula",NA,39051.063,"Menzies 1976, , , "
"Hylidae","Nyctimystes kubori",NA,52275.793,"Menzies 1976, , , "
"Hylidae","Nyctimystes papua",NA,30126.594,"Menzies 1976, , , "
"Hylidae","Osteocephalus alboguttatus",NA,17609.51,"Parker 1940, , , "
"Hylidae","Osteocephalus buckleyi","eggs per clutch",4476821.5,"Trueb and Duellman 1971, Jungfer and Weygoldt 1999, , "
"Hylidae","Osteocephalus leprieurii","eggs per clutch",3812611.8,"Trueb and Duellman 1971, Crump 1974, Gottsberger and Gruber 2004, "
"Hylidae","Osteocephalus taurinus","eggs per clutch",6116091,"Duellman 1997, Trueb and Duellman 1971, Lima et al. 2005, , "
"Hylidae","Osteocephalus verruciger",NA,15951.8,"Trueb and Duellman 1971, , , "
"Hylidae","Osteopilus crucialis",NA,3741.7656,"Trueb 1974, , , "
"Hylidae","Osteopilus dominicensis",NA,67261.328,"Trueb 1974, , , "
"Hylidae","Osteopilus marianae",NA,1934.5219,"Trueb 1974, , , "
"Hylidae","Osteopilus ocellatus","eggs per clutch",8509.001,"Trueb 1974, Schiesari et al. 2003, , "
"Hylidae","Osteopilus pulchrilineatus",NA,24268.633,"Trueb 1974, , , "
"Hylidae","Osteopilus septentrionalis","eggs per clutch",275073.88,"Trueb 1974, Wright and Wright 1949, Savage 2002, Salinas 2006, "
"Hylidae","Osteopilus vastus",NA,24311.813,"Trueb 1974, , , "
"Hylidae","Osteopilus wilderi",NA,4532.0352,"Trueb 1974, , , "
"Hylidae","Phasmahyla cochranae","actual clutches",63848.961,"Haddad 1991, , , "
"Hylidae","Phrynomedusa cf. marginata",NA,NA,"Giasson 2008, , , "
"Hylidae","Phyllomedusa atelopoides","eggs per clutch",NA,"Rodriguez and Duellman 1994, Duellman et al. 1988, , "
"Hylidae","Phyllomedusa ayeaye","eggs per clutch",NA,"Pers. Obs. R. C. Nali, Pers. Obs. C. F. B. Haddad, , "
"Hylidae","Phyllomedusa azurea","eggs per clutch",NA,"Prado and Haddad 2003, Prado 2004, , "
"Hylidae","Phyllomedusa bicolor","actual clutches",5229635.5,"Neckel-Oliveira and Wachlevski 2004, Pers. Obs. C. F. B. Haddad, Rodriguez and Duellman 1994, "
"Hylidae","Phyllomedusa burmeisteri","actual clutches",998928,"Abrunhosa and Wogel 2004, Haddad 1991, , "
"Hylidae","Phyllomedusa distincta","actual clutches",110190.29,"Castanho 1994, Pers. Obs. C. F. B. Haddad, , "
"Hylidae","Phyllomedusa hypochondrialis",NA,NA,"Duellman 1997, Abrunhosa and Wogel 2004, , "
"Hylidae","Phyllomedusa megacephala","actual clutches",NA,"Eterovick and Sazima 2004, Caramaschi 2006, , "
"Hylidae","Phyllomedusa palliata","eggs per clutch",NA,"Crump 1974, , , "
"Hylidae","Phyllomedusa sauvagii","eggs per clutch",1108816.8,"Rodrigues et al. 2007, , , "
"Hylidae","Phyllomedusa tarsius","actual clutches",2695182.5,"Crump 1974, , , "
"Hylidae","Phyllomedusa tomopterna","actual clutches",NA,"Crump 1974, , , "
"Hylidae","Phyllomedusa vaillantii","eggs per clutch",4991111.5,"Crump 1974, , , "
"Hylidae","Plectrohyla arborescandens",NA,NA,"Caldwell 1974, Duellman and Dennis 2001, , , "
"Hylidae","Plectrohyla glandulosa",NA,778.44098,"Duellman and Dennis 2001, , , "
"Hylidae","Plectrohyla guatemalensis",NA,36439.68,"Duellman and Campbell 1992, , , "
"Hylidae","Plectrohyla matudai",NA,7723.6509,"Duellman and Dennis 2001, , , "
"Hylidae","Plectrohyla pentheter",NA,NA,"Duellman and Dennis 2001, , , "
"Hylidae","Pseudacris brachyphona","eggs per clutch",285439.84,"Hulse et al. 2001, , , "
"Hylidae","Pseudacris brimleyi","eggs per clutch",133275.14,"Wright and Wright 1949, Gosner and Black 1958, Mitchell 1986, Brandt and Walker 1933, "
"Hylidae","Pseudacris cadaverina",NA,63720.18,"Duellman and Dennis 2001, Wells 1977, , "
"Hylidae","Pseudacris clarkii","eggs per clutch",555760.25,"Wright and Wright 1949, Smith 1950, , "
"Hylidae","Pseudacris crucifer","eggs per clutch",4286750,"Wright and Wright 1949, Wright and Wright 1949, Hulse et al. 2001, Hulse et al. 2001, Gibbs and Breisch 2001"
"Hylidae","Pseudacris feriarum",NA,757947.25,"Wright and Wright 1949, , , "
"Hylidae","Pseudacris maculata",NA,5606264.5,"Wright and Wright 1949, , , "
"Hylidae","Pseudacris nigrita","eggs per clutch",381768,"Wright and Wright 1949, Stebbins 1951, Caldwell 1987, "
"Hylidae","Pseudacris ocularis",NA,338352.78,"Wright and Wright 1949, Harper 1939, , "
"Hylidae","Pseudacris ornata","eggs per clutch",345365.41,"Wright and Wright 1949, Seyle and Trauth 1982, Wright and Wright 1949, "
"Hylidae","Pseudacris regilla","eggs per clutch",1542120.1,"Duellman and Dennis 2001, Wright and Wright 1949, Wells 1977, "
"Hylidae","Pseudacris streckeri","eggs per clutch",549107.19,"Wright and Wright 1949, Wells 1977, , "
"Hylidae","Pseudacris triseriata","eggs per clutch",409563.53,"Wright and Wright 1949, Morrison and Hero 2003, , "
"Hylidae","Pseudis platensis","oocytes",536331,"Prado 2004, Prado et al. 2005, , "
"Hylidae","Ptychohyla euthysanota",NA,13194.677,"Duellman and Dennis 2001, , , "
"Hylidae","Ptychohyla leonhardschultzei",NA,3683.8989,"Duellman and Dennis 2001, , , "
"Hylidae","Ptychohyla spinipollex",NA,NA,"Duellman and Dennis 2001, , , "
"Hylidae","Scarthyla goinorum",NA,1546242.5,"Rodriguez and Duellman 1994, , , "
"Hylidae","Scinax acuminatus","actual clutches",1006469.8,"Prado and Haddad 2003, Prado 2004, , "
"Hylidae","Scinax albicans","actual clutches",NA,"Nascimento 2003, Pers. Obs. C. P. A. Prado, , "
"Hylidae","Scinax alter","actual clutches",350943.59,"Hartmann 2004, Pers. Obs. C. F. B. Haddad, , "
"Hylidae","Scinax angrensis","oocytes",NA,"Hartmann 2004, Pers. Obs. C. P. A. Prado, , "
"Hylidae","Scinax argyreornatus","oocytes",NA,"Hartmann 2004, Pers. Obs. C. P. A. Prado, , "
"Hylidae","Scinax berthae",NA,NA,"Lutz 1973, , , "
"Hylidae","Scinax boulengeri","eggs per clutch",120775.39,"Duellman and Dennis 2001, Savage 2002, Bevier 1997, "
"Hylidae","Scinax caldarum",NA,66102.859,"Pugliese 2002, Pers. Obs. C. F. B. Haddad, , "
"Hylidae","Scinax catharinae",NA,NA,"Lutz 1973, , , "
"Hylidae","Scinax centralis","actual clutches",NA,"Alcantara et al. 2007, Pers. Obs. C. P. A. Prado, , "
"Hylidae","Scinax constrictus",NA,57405.23,"Lima et al. 2004, Pers. Obs. C. P. A. Prado, , "
"Hylidae","Scinax crospedospilus",NA,40133.484,"Giasson 2008, Pers. Obs. C. P. A. Prado, , "
"Hylidae","Scinax curicica",NA,18.380087,"Pugliese 2002, Pers. Obs. C. P. A. Prado, , "
"Hylidae","Scinax cuspidatus",NA,203510.34,"Abrunhosa 2005, Pers. Obs. C. P. A. Prado, , "
"Hylidae","Scinax duartei","actual clutches",28763.199,"Pugliese 2002, Eterovick 1998, Pers. Obs. C. F. B. Haddad, "
"Hylidae","Scinax elaeochrous",NA,NA,"Duellman and Dennis 2001, Savage 2002, Donnelly and Guyer 1994, "
"Hylidae","Scinax eurydice","actual clutches",452712.06,"Hartmann 2004, Pers. Obs. C. P. A. Prado, , "
"Hylidae","Scinax faivovichi",NA,NA,"Brasileiro et al. 2007, Pers. Obs. C. P. A. Prado, , "
"Hylidae","Scinax flavoguttatus",NA,NA,"Giasson 2008, Pers. Obs. C. P. A. Prado, , "
"Hylidae","Scinax fuscomarginatus","actual clutches",5096221,"Toledo 2004, Prado et al. 2005, , "
"Hylidae","Scinax fuscovarius","actual clutches",4957191.5,"Haddad 1991, Uetanabaro et al. 2008, , "
"Hylidae","Scinax garbei","eggs per clutch",3704251.5,"Crump 1974, , , "
"Hylidae","Scinax hayii","eggs per clutch",178825.39,"Hartmann et al. 2010, Pers. Comm. L.O.M. Giasson, Haddad 1991, "
"Hylidae","Scinax hiemalis","actual clutches",NA,"Haddad 1991, Prager 2010, Pers. Obs. C. F. B. Haddad, "
"Hylidae","Scinax nasicus","eggs per clutch",2585766.3,"Prado 2004, Prado et al. 2005, Perotti 1997, "
"Hylidae","Scinax perereca",NA,325783.78,"Pombal-Jr et al. 1995, Prager 2010, Pers. Obs. C. F. B. Haddad, "
"Hylidae","Scinax rizibilis",NA,NA,"Bastos and Haddad 1999, Pombal-Jr and Haddad 2005, , "
"Hylidae","Scinax rostratus",NA,958653.44,"Sturaro et al. 2010, Pers. Obs. C. P. A. Prado, , "
"Hylidae","Scinax ruber","eggs per clutch",8134208.5,"Crump 1974, Duellman 1996, Duellman and Dennis 2001, Crump 1974, Bevier 1997, "
"Hylidae","Scinax similis ",NA,NA,"Eterovick and Sazima 2004, , , "
"Hylidae","Scinax squalirostris",NA,2307976,"Pers. Obs. C. F. B. Haddad, , , "
"Hylidae","Scinax staufferi",NA,566530.81,"Duellman and Dennis 2001, , , "
"Hylidae","Scinax tripui",NA,NA,"Louren<e7>o et al. 2009, Pers. Obs. C. P. A. Prado, , "
"Hylidae","Scinax x-signatus",NA,10553248,"Arzabe 1998, Prager 2010, , "
"Hylidae","Smilisca baudinii","eggs per clutch",960369.63,"Duellman and Dennis 2001, Duellman and Dennis 2001, Savage 2002, Donnelly and Guyer 1994, "
"Hylidae","Smilisca cyanosticta","eggs per clutch",26184.455,"Duellman and Dennis 2001, , , "
"Hylidae","Smilisca fodiens",NA,251015.86,"Duellman and Dennis 2001, Pers. Obs. K. R. Zamudio, Wells 1977, "
"Hylidae","Smilisca phaeota","eggs per clutch",320283.09,"Savage 2002, , , "
"Hylidae","Smilisca puma",NA,18044.109,"Savage 2002, , , "
"Hylidae","Sphaenorhynchus lacteus",NA,5474084.5,"Rodriguez and Duellman 1994, , , "
"Hylidae","Tlalocohyla loquax","eggs per clutch",346412.19,"Duellman and Dennis 2001, , , "
"Hylidae","Tlalocohyla picta",NA,310223.38,"Duellman and Dennis 2001, , , "
"Hylidae","Tlalocohyla smithii",NA,258681.61,"Duellman and Dennis 2001, , , "
"Hylidae","Trachycephalus coriaceus","eggs per clutch",2221502,"Rodriguez and Duellman 1994, Crump 1974, Gottsberger and Gruber 2004, "
"Hylidae","Trachycephalus mesophaeus","oocytes",841370.5,"Hartmann 2004, , , "
"Hylidae","Trachycephalus nigromaculatus",NA,690927.38,"Prager 2010, , , "
"Hylidae","Trachycephalus resinifictrix","eggs per clutch",4648252.5,"Lutz 1973, Schiesari et al. 2003, , "
"Hylidae","Trachycephalus typhonius","oocytes",12124185,"Prado 2004, Prado et al. 2005, , "
"Hylidae","Triprion petasatus",NA,152296.55,"Duellman and Dennis 2001, , , "
"Hylidae","Xenohyla truncata",NA,11938.801,"Lutz 1973, , , "
"Hylodidae","Hylodes asper","oocytes",65854.484,"Hartmann 2004, Haddad and Giaretta 1999, , "
"Hylodidae","Hylodes cf. ornatus",NA,NA,"Haddad 1991, Pers. Obs. C. F. B. Haddad, , "
"Hylodidae","Hylodes heyeri","actual clutches",13451.273,"Lingnau 2003, , , "
"Hylodidae","Hylodes phyllodes",NA,22576.775,"Hartmann 2004, , , "
"Hyperoliidae","Afrixalus fornasini","eggs per clutch",942794.56,"Schiotz 1975, Wager 1965, , "
"Hyperoliidae","Hyperolius lateralis","eggs per clutch",302571.59,"Schiotz 1975, Vonesh 2000, , "
"Hyperoliidae","Hyperolius marmoratus","eggs per clutch",1211931.4,"Stewart 1967, Channing 2001, Dyson et al. 1998, "
"Hyperoliidae","Hyperolius nasutus","eggs per clutch",1164624.9,"Stewart 1967, Wager 1965, Wager 1965, , "
"Hyperoliidae","Hyperolius puncticulatus",NA,911.76947,"Channing 2001, , , "
"Leiopelmatidae","Ascaphus truei","eggs per clutch",303203.91,"Daugherty and Sheldon 1982, Karraker et al. 2006, , "
"Leiopelmatidae","Leiopelma archeyi",NA,1329.9348,"Bell 1978, , , "
"Leiopelmatidae","Leiopelma hochstetteri",NA,10100.145,"Bell 1978, , , "
"Leptodactylidae","Adenomera andreae","eggs per clutch",5976861,"Heyer 1973, Crump 1974, Lima et al. 2006, "
"Leptodactylidae","Adenomera hylaedactyla","eggs per clutch",9407399,"Heyer 1973, Gottsberger and Gruber 2004, Lima et al. 2006, "
"Leptodactylidae","Adenomera marmorata",NA,227190.34,"Hartmann 2004, Bertoluci and Rodrigues 2002, , "
"Leptodactylidae","Edalorhina perezi","eggs per clutch",1301575.3,"Duellman 1996, Crump 1974, , "
"Leptodactylidae","Engystomops coloradorum",NA,1183.5814,"Nascimento 2003, , , "
"Leptodactylidae","Engystomops petersi",NA,400027.38,"Nascimento 2003, , , "
"Leptodactylidae","Engystomops pustulatus ",NA,NA,"Nascimento 2003, , , "
"Leptodactylidae","Engystomops pustulosus","eggs per clutch",891727,"Nascimento 2003, Ryan 1983, , "
"Leptodactylidae","Eupemphix nattereri",NA,NA,"Nascimento 2003, Uetanabaro et al. 2008, , "
"Leptodactylidae","Leptodactylus albilabris","eggs per clutch",10416.851,"Heyer 1978, Schwartz and Henderson 1991, , "
"Leptodactylidae","Leptodactylus bufonius","eggs per clutch",1077086,"Faggioni 2011, , , "
"Leptodactylidae","Leptodactylus chaquensis","oocytes",1991576,"Prado 2004, Prado and Haddad 2003, , "
"Leptodactylidae","Leptodactylus discodactylus","eggs per clutch",1083523.6,"Crump 1974, , , "
"Leptodactylidae","Leptodactylus furnarius",NA,1149154.4,"Brasileiro et al. 2005, Pers. Obs. C. F. B. Haddad, , "
"Leptodactylidae","Leptodactylus fuscus","actual clutches",11733436,"Prado 2004, , , "
"Leptodactylidae","Leptodactylus gracilis",NA,1956178.5,"Heyer 1978, , , "
"Leptodactylidae","Leptodactylus labyrinthicus","actual clutches",2654562.3,"Zina and Haddad 2005, Silva 2005, , "
"Leptodactylidae","Leptodactylus laticeps","eggs per clutch",433225.59,"Perotti 1997, , , "
"Leptodactylidae","Leptodactylus latinasus","eggs per clutch",1822422.8,"Perotti 1997, Ponssa and Barrionuevo 2010, , "
"Leptodactylidae","Leptodactylus leptodactyloides",NA,4792985,"Heyer 1994, Duellman 1996, , , "
"Leptodactylidae","Leptodactylus melanonotus","eggs per clutch",824187.19,"Savage 2002, Duellman and Trueb 1994, Wells 1977, , "
"Leptodactylidae","Leptodactylus mystaceus","eggs per clutch",7137069,"Heyer 1978, Crump 1974, , "
"Leptodactylidae","Leptodactylus mystacinus","actual clutches",5182487.5,"Oliveira-Filho and Giaretta 2008, Uetanabaro et al. 2008, , "
"Leptodactylidae","Leptodactylus pentadactylus","eggs per clutch",4505412,"Savage 2002, Rivero 1961, Rodriguez and Duellman 1994, Duellman 1997, Savage 2002, Wells 1977, Duellman and Trueb 1994, Wells 2007"
"Leptodactylidae","Leptodactylus podicipinus","actual clutches",3866749,"Prado 2004, Martins 1996, , "
"Leptodactylidae","Leptodactylus validus",NA,5270.6123,"Heyer 1994, , , "
"Leptodactylidae","Leptodactylus wagneri","eggs per clutch",211368.81,"Heyer 1994, Crump 1974, Crump 1974, , "
"Leptodactylidae","Paratelmatobius cf. poecilogaster",NA,NA,"Giasson 2008, , , "
"Leptodactylidae","Physalaemus aguirrei",NA,56605.863,"Nascimento 2003, , , "
"Leptodactylidae","Physalaemus albonotatus","actual clutches",1773301,"Prado 2004, , , "
"Leptodactylidae","Physalaemus barrioi",NA,133.88104,"Nascimento 2003, Pers. Obs. C. F. B. Haddad, , "
"Leptodactylidae","Physalaemus biligonigerus","eggs per clutch",2234165.8,"Nascimento 2003, Perotti 1997, Pers. Obs. C. P. A. Prado, Pers. Comm. G. P. Faggioni"
"Leptodactylidae","Physalaemus bokermanni","actual clutches",107.01938,"Nascimento 2003, , , "
"Leptodactylidae","Physalaemus centralis","actual clutches",1797571.1,"Nascimento 2003, Brasileiro 1998, , "
"Leptodactylidae","Physalaemus cicada",NA,266655.53,"Nascimento 2003, , , "
"Leptodactylidae","Physalaemus crombiei","eggs per clutch",78751.188,"Nascimento 2003, Pupin et al. 2010, , "
"Leptodactylidae","Physalaemus cuqui",NA,102136.3,"Nascimento 2003, , , "
"Leptodactylidae","Physalaemus cuvieri","actual clutches",7279291.5,"Nascimento 2003, Haddad 1991, Prado 2004, "
"Leptodactylidae","Physalaemus evangelistai",NA,2924.3198,"Nascimento 2003, , , "
"Leptodactylidae","Physalaemus fernandezae",NA,45366.031,"Nascimento 2003, , , "
"Leptodactylidae","Physalaemus gracilis","eggs per clutch",540759.94,"Nascimento 2003, Camargo et al. 2005, Pupin et al. 2010, "
"Leptodactylidae","Physalaemus henselii","eggs per clutch",499629.81,"Nascimento 2003, Pupin et al. 2010, , "
"Leptodactylidae","Physalaemus kroyeri",NA,285155.44,"Nascimento 2003, , , "
"Leptodactylidae","Physalaemus lisei",NA,57484.297,"Nascimento 2003, , , "
"Leptodactylidae","Physalaemus maculiventris",NA,116105.98,"Nascimento 2003, , , "
"Leptodactylidae","Physalaemus moreirae",NA,3471.2488,"Nascimento 2003, , , "
"Leptodactylidae","Physalaemus obtectus",NA,21119.938,"Nascimento 2003, , , "
"Leptodactylidae","Physalaemus olfersii","actual clutches",217586.77,"Nascimento 2003, Bertoluci and Rodrigues 2002, , "
"Leptodactylidae","Physalaemus riograndensis",NA,510977.5,"Nascimento 2003, , , "
"Leptodactylidae","Physalaemus rupestris","actual clutches",103.97937,"Nascimento 2003, , , "
"Leptodactylidae","Physalaemus signifer","eggs per clutch",128241.88,"Nascimento 2003, Pupin et al. 2010, , "
"Leptodactylidae","Physalaemus spiniger","eggs per clutch",14579.128,"Nascimento 2003, Pupin et al. 2010, , "
"Leptodactylidae","Pleurodema brachyops",NA,888915.94,"Rivero 1961, , , "
"Leptodactylidae","Pleurodema bufoninum",NA,650094.69,"Duellman and Veloso 1977, , , "
"Leptodactylidae","Pleurodema thaul",NA,273147.25,"Duellman and Veloso 1977, , , "
"Leptodactylidae","Pseudopaludicola canga",NA,8509.4883,"Giaretta and Kokubum 2003, , , "
"Leptodactylidae","Pseudopaludicola falcipes",NA,1641807.5,"Haddad and Cardoso 1987, , , "
"Leptodactylidae","Pseudopaludicola mystacalis",NA,2617040.3,"Haddad and Cardoso 1987, , , "
"Leptodactylidae","Pseudopaludicola saltica",NA,956963.88,"Haddad and Cardoso 1987, , , "
"Leptodactylidae","Scythrophrys sawayae","actual clutches",9310.6836,"Garcia 1996, , , "
"Mantellidae","Aglyptodactylus laticeps","eggs per clutch",2021.9535,"Glos 2003, , , "
"Mantellidae","Aglyptodactylus madagascariensis","eggs per clutch",109734.68,"Glaw and Vences 2007, , , "
"Mantellidae","Aglyptodactylus securifer","eggs per clutch",116266.52,"Glos 2003, , , "
"Mantellidae","Boophis doulioti","eggs per clutch",243334.3,"Glos 2003, , , "
"Mantellidae","Boophis goudotii","eggs per clutch",52329.98,"Blommers-Schlosser 1979, , , "
"Mantellidae","Boophis luteus","eggs per clutch",40589.219,"Blommers-Schlosser 1979, Glaw and Vences 2007, , "
"Mantellidae","Boophis rappiodes","eggs per clutch",31810.043,"Blommers-Schlosser 1979, , , "
"Mantellidae","Boophis tephraeomystax",NA,111675.2,"Blommers-Schlosser 1979, , , "
"Mantellidae","Boophis xerophilus","eggs per clutch",63284.176,"Glos 2003, , , "
"Mantellidae","Gephyromantis asper",NA,34830.199,"Vences and Glaw 2001, , , "
"Mantellidae","Gephyromantis horridus",NA,987.98718,"Vences et al. 2002, , , "
"Mantellidae","Gephyromantis luteus",NA,73361.57,"Vences and Glaw 2001, , , "
"Mantellidae","Gephyromantis malagasius",NA,61941.824,"Vences et al. 2002, , , "
"Mantellidae","Gephyromantis plicifer",NA,10294.2,"Vences et al. 1998, , , "
"Mantellidae","Gephyromantis striatus",NA,10455.945,"Vences et al. 2002, , , "
"Mantellidae","Mantella aurantiaca",NA,10.390034,"Glaw and Vences 2007, , , "
"Mantellidae","Mantella laevigata",NA,17549.342,"Vences et al. 1998, , , "
"Megophryidae","Brachytarsophrys feae","eggs per clutch",NA,"Fei et al. 2009, , , "
"Megophryidae","Leptobrachium ailaonicum","eggs per clutch",13714.413,"Ye et al. 1993, , , "
"Megophryidae","Leptobrachium boringii","eggs per clutch",65807.469,"Ye et al. 1993, , , "
"Megophryidae","Leptobrachium chapaense",NA,353370.63,"Lathrop et al. 1998, , , "
"Megophryidae","Leptobrachium hasseltii",NA,164100.53,"Inger 1966, , , "
"Megophryidae","Leptobrachium leishanense","eggs per clutch",2876.8601,"Ye et al. 1993, , , "
"Megophryidae","Leptobrachium liui","eggs per clutch",269304.84,"Ye et al. 1993, , , "
"Megophryidae","Leptobrachium montanum",NA,26538.768,"Ohler 2004, , , "
"Megophryidae","Leptobrachium mouhoti",NA,47969.484,"Stuart 2006, , , "
"Megophryidae","Leptobrachium promustache",NA,104.95917,"Rao et al. 2006, , , "
"Megophryidae","Leptolalax liui",NA,NA,"Fei et al. 1999, , , "
"Megophryidae","Leptolalax pelodytoides","eggs per clutch",NA,"Huang et al. 1990, Pope 1931, , "
"Megophryidae","Ophryophryne microstoma",NA,NA,"Ye et al. 1993, , , "
"Megophryidae","Oreolalax chuanbeiensis","eggs per clutch",3829.552,"Fei et al. 2009, , , "
"Megophryidae","Oreolalax jingdongensis","eggs per clutch",16481.865,"Fei et al. 1999, , , "
"Megophryidae","Oreolalax liangbeiensis","eggs per clutch",6.7485223,"Ye et al. 1993, Fei et al. 1999, , "
"Megophryidae","Oreolalax lichuanensis","eggs per clutch",94754.563,"Fei et al. 2009, , , "
"Megophryidae","Oreolalax major",NA,42385.531,"Fei et al. 2009, , , "
"Megophryidae","Oreolalax omeimontis","eggs per clutch",2901.3477,"Fei et al. 2009, , , "
"Megophryidae","Oreolalax pingii","eggs per clutch",2325.7456,"Ye et al. 1993, Fei et al. 1999, Ye et al. 1993, , "
"Megophryidae","Oreolalax popei","eggs per clutch",34208.898,"Ye et al. 1993, , , "
"Megophryidae","Oreolalax rugosus",NA,40739.719,"Ye et al. 1993, , , "
"Megophryidae","Oreolalax schmidti","eggs per clutch",25470.729,"Fei et al. 1999, Liu 1950, , "
"Megophryidae","Oreolalax xiangchengensis",NA,28066.299,"Fei et al. 2009, , , "
"Megophryidae","Scutiger boulengeri","eggs per clutch",704449.88,"Hu et al. 1987, Ye et al. 1993, Ye et al. 1993, , "
"Megophryidae","Scutiger chintingensis","eggs per clutch",5827.9644,"Fei et al. 2009, , , "
"Megophryidae","Scutiger glandulatus",NA,128171.48,"Yang 1991, , , "
"Megophryidae","Scutiger mammatus","eggs per clutch",288247.19,"Ye et al. 1993, , , "
"Megophryidae","Scutiger muliensis","eggs per clutch",2859.7837,"Fei et al. 1999, , , "
"Megophryidae","Scutiger tuberculatus",NA,12890.184,"Ye et al. 1993, , , "
"Megophryidae","Xenophrys minor",NA,NA,"Fei et al. 2009, , , "
"Megophryidae","Xenophrys omeimontis","eggs per clutch",NA,"Fei et al. 2009, , , "
"Megophryidae","Xenophrys shapingensis",NA,NA,"Fei et al. 2009, , , "
"Megophryidae","Xenophrys spinata",NA,NA,"Fei et al. 2009, , , "
"Microhylidae","Chaperina fusca",NA,168707.53,"Inger 1966, , , "
"Microhylidae","Chiasmocleis albopunctata",NA,2548560.5,"Brasileiro et al. 2005, Gottsberger and Gruber 2004, , "
"Microhylidae","Chiasmocleis carvalhoi","oocytes",122087.9,"Hartmann 2004, , , "
"Microhylidae","Chiasmocleis leucosticta","eggs per clutch",114553.03,"Cruz et al. 1997, Haddad and H<f6>dl 1997, , "
"Microhylidae","Chiasmocleis mehelyi","oocytes",113441.92,"Prado 2004, Prado et al. 2005, , "
"Microhylidae","Dermatonotus muelleri","eggs per clutch",4099663,"Perotti 1997, Marangoni et al. 2009, , "
"Microhylidae","Elachistocleis bicolor","eggs per clutch",1570222.8,"Prado and Haddad 2005, Pers. Obs. C. P. A. Prado, , "
"Microhylidae","Elachistocleis cesarii","eggs per clutch",NA,"Galharde 2012, , , "
"Microhylidae","Hylophorbus rufescens","eggs per clutch",9.1147318,"Zweifel 1956, Bickford 2004, , "
"Microhylidae","Kalophrynus pleurostigma","eggs per clutch",750875.75,"Inger 1966, Pope 1931, , "
"Microhylidae","Kaloula pulchra","eggs per clutch",2434420,"Inger 1966, Diesmos et al. 2006, , "
"Microhylidae","Metaphrynella sundana",NA,85177.422,"Inger 1966, Lardner and Lakim 2004, , "
"Microhylidae","Microhyla butleri",NA,2603652,"Fei et al. 2009, , , "
"Microhylidae","Microhyla heymonsi","eggs per clutch",3487262,"Yang 1991, Chen 1991, Huang et al. 1990, , "
"Microhylidae","Microhyla ornata","eggs per clutch",3438823,"Yang 1991, Ye et al. 1993, Pope 1931, Chen 1991, Huang et al. 1990, , "
"Microhylidae","Microhyla pulchra","eggs per clutch",1954087.4,"Fei et al. 2009, , , "
"Microhylidae","Myersiella microps","oocytes",89627.883,"Hartmann 2004, , , "
"Microhylidae","Scaphiophryne gottlebei","eggs per clutch",619.48431,"Rosa et al. 2011, , , "
"Microhylidae","Stereocyclops incrassatus",NA,155269.92,"Albuquerque 1976, Abrunhosa et al. 2006, , "
"Myobatrachidae","Adelotus brevis","eggs per clutch",478250.28,"Katsikaros and Shine 1997, Tyler 1998, Barker et al. 1995, "
"Myobatrachidae","Crinia signifera","eggs per clutch",875520.75,"Parker 1940, Moore 1961, , "
"Myobatrachidae","Limnodynastes convexiusculus",NA,656446.13,"Parker 1940, , , "
"Myobatrachidae","Limnodynastes peronii","eggs per clutch",660798.56,"Schauble 2004, Barker et al. 1995, Wells 1977, "
"Myobatrachidae","Limnodynastes tasmaniensis","eggs per clutch",2425833.5,"Parker 1940, Schaube 2004, Parker 1940, , "
"Myobatrachidae","Limnodynastes terraereginae",NA,593798.94,"Parker 1940, , , "
"Myobatrachidae","Metacrinia nichollsi","eggs per clutch",46798.699,"Parker 1940, , , "
"Myobatrachidae","Mixophyes fasciolatus","eggs per clutch",212793.09,"Parker 1940, Morrison and Hero 2003, Morrison and Hero 2003, , "
"Myobatrachidae","Myobatrachus gouldii","eggs per clutch",109837.07,"Parker 1940, Barker et al. 1995, , "
"Myobatrachidae","Paracrinia haswelli",NA,95306.5,"Parker 1940, , , "
"Myobatrachidae","Pseudophryne bibronii","eggs per clutch",666425.38,"Parker 1940, Moore 1961, Parker 1940, Tyler 1978, Duellman and Trueb 1994, "
"Odontophrynidae","Macrogenioglottus alipioi",NA,249270.47,"Hartmann 2004, , , "
"Odontophrynidae","Odontophrynus americanus",NA,3349316,"Giaretta 1994, Uetanabaro et al. 2008, , "
"Odontophrynidae","Odontophrynus lavillai","eggs per clutch",679689.38,"Perotti 1997, , , "
"Odontophrynidae","Proceratophrys appendiculata","eggs per clutch",100171.77,"Giasson 2008, Boquimpani-Freitas et al. 2002, , "
"Odontophrynidae","Proceratophrys boiei","eggs per clutch",640365.38,"Giasson 2008, Canelas and Bertoluci 2007, Giaretta and Facure 2008, "
"Pelobatidae","Pelobates fuscus","eggs per clutch",4498561.5,"Kuzmin 1999, Wells 1977, , "
"Pelodytidae","Pelodytes caucasicus",NA,22855.105,"Erismis et al. 2009, Kuzmin 1999, , "
"Petropedetidae","Arthroleptides yakusini","eggs per clutch",3113.2021,"Channing 2001, , , "
"Phrynobatrachidae","Phrynobatrachus natalensis","eggs per clutch",10520546,"Stewart 1967, Wager 1965, , "
"Pipidae","Hymenochirus boettgeri","eggs per clutch",2033976.3,"Rabb and Rabb 1963, Rabb and Rabb 1962, , "
"Pipidae","Pipa carvalhoi","eggs per clutch",463211.03,"Trueb 1986, Weygoldt 1976, Duellman and Trueb 1994, "
"Pipidae","Pipa parva",NA,82606.836,"Trueb 1986, Duellman and Trueb 1994, , "
"Pipidae","Pipa pipa","eggs per clutch",5940216,"Trueb 1986, Bartlett and Bartlett 2003, Rabb and Rabb 1963, "
"Pipidae","Xenopus muelleri",NA,3293893,"Stewart 1967, , , "
"Ptychadenidae","Ptychadena anchietae",NA,6629704,"Harper et al. 2010, , , "
"Ptychadenidae","Ptychadena mascareniensis","eggs per clutch",6794615,"Channing 2001, Barbault 1984, Mertens 1938, Akef and Schneider 1995"
"Pyxicephalidae","Natalobatrachus bonebergi","eggs per clutch",5815.7578,"Minter et al. 2004, , , "
"Pyxicephalidae","Pyxicephalus adspersus","eggs per clutch",3658350.8,"Cook et al. 2001, Wager 1965, Wells 1977, "
"Ranidae","Amolops bellulus",NA,389.39832,"Fei et al. 2009, , , "
"Ranidae","Amolops chunganensis","eggs per clutch",197777.05,"Ye et al. 1993, Inger and Bacon 1968, Liu 1950, "
"Ranidae","Amolops daiyunensis",NA,16022.187,"Fei et al. 2009, , , "
"Ranidae","Amolops granulosus",NA,139495.33,"Fei et al. 2009, , , "
"Ranidae","Amolops hainanensis",NA,12940.427,"Fei et al. 2009, , , "
"Ranidae","Amolops hongkongensis",NA,283.63419,"Fei et al. 2009, , , "
"Ranidae","Amolops lifanensis",NA,15793.416,"Fei et al. 2009, , , "
"Ranidae","Amolops loloensis","eggs per clutch",61845.406,"Fei et al. 2009, , , "
"Ranidae","Amolops mantzorum",NA,95330.102,"Yang 1991, , , "
"Ranidae","Amolops ricketti","eggs per clutch",820297.88,"Pope 1931, , , "
"Ranidae","Amolops torrentis",NA,15783.368,"Fei et al. 2009, , , "
"Ranidae","Amolops viridimaculatus",NA,10982.014,"Yang 1991, , , "
"Ranidae","Amolops wuyiensis","eggs per clutch",102609.47,"Chen 1991, Huang et al. 1990, , "
"Ranidae","Babina adenopleura","eggs per clutch",NA,"Yang 1991, Chen 1991, Huang et al. 1990, Liu 1950, Yang 1991, Liu 1950, "
"Ranidae","Babina chapaensis",NA,NA,"Yang 1991, , , "
"Ranidae","Babina holsti",NA,247.29663,"Fei et al. 2009, , , "
"Ranidae","Babina okinavana",NA,NA,"Inger 1947, , , "
"Ranidae","Babina pleuraden","eggs per clutch",NA,"Yang 1991, , , "
"Ranidae","Glandirana emeljanovi","eggs per clutch",438093.06,"Ye et al. 1993, , , "
"Ranidae","Glandirana minima","eggs per clutch",3406.4517,"Ye et al. 1993, , , "
"Ranidae","Glandirana rugosa","eggs per clutch",307380.63,"Fei et al. 2009, , , "
"Ranidae","Glandirana tientaiensis","eggs per clutch",59479.469,"Chen 1991, , , "
"Ranidae","Hylarana baramica",NA,NA,"Fei et al. 2009, , , "
"Ranidae","Hylarana erythraea",NA,2266877,"Inger 1966, , , "
"Ranidae","Hylarana guentheri","eggs per clutch",NA,"Pope 1931, Huang et al. 1990, Pope 1931, , "
"Ranidae","Hylarana latouchii","eggs per clutch",874288.19,"Fei et al. 2009, , , "
"Ranidae","Hylarana macrodactyla","eggs per clutch",1762431.8,"Fei et al. 2009, , , "
"Ranidae","Hylarana nigrovittata","eggs per clutch",NA,"Yang 1991, , , "
"Ranidae","Hylarana signata",NA,NA,"Inger 1966, , , "
"Ranidae","Hylarana taipehensis","eggs per clutch",1157875.6,"Yang 1991, , , "
"Ranidae","Lithobates areolatus","eggs per clutch",636251.19,"Wright and Wright 1949, Wells 1977, , "
"Ranidae","Lithobates capito","eggs per clutch",349290.03,"Goin and Netting 1940, Wells 1977, , "
"Ranidae","Lithobates catesbeianus","eggs per clutch",6914223,"Hulse et al. 2001, Degenhardt et al. 1996, Hulse et al. 2001, Smith 1950, Ye et al. 1993, Wells 1977, Gibbs and Breisch 2001"
"Ranidae","Lithobates clamitans","eggs per clutch",3818910,"Wright and Wright 1949, Nussbaum et al. 1983,Wright and Wright 1949, Wells 1977, "
"Ranidae","Lithobates forreri",NA,223959.39,"Wells 1977, , , "
"Ranidae","Lithobates palmipes","eggs per clutch",6966656.5,"Crump 1974, , , "
"Ranidae","Lithobates palustris","eggs per clutch",2503786.5,"Wright and Wright 1949, Wells 1977, Cook et al. 2011, "
"Ranidae","Lithobates pipiens","eggs per clutch",6021984.5,"Hulse et al. 2001, Degenhardt et al. 1996, Wells 1977, "
"Ranidae","Lithobates sevosus","eggs per clutch",21290.416,"Goin and Netting 1940, Volpe 1957, Dundee and Rossman 1989, Richter and Seigel 1998, Richter et al. 2003, "
"Ranidae","Lithobates sphenocephalus","eggs per clutch",1720511.5,"Hulse et al. 2001, , , "
"Ranidae","Lithobates sylvaticus","eggs per clutch",9119881,"Hulse et al. 2001, Morrison and Hero 2003, Wells 1977, Petranka and Thomas 1995"
"Ranidae","Meristogenys jerboa","eggs per clutch",7897.4668,"Inger 1966, Inger and Bacon 1968, , "
"Ranidae","Meristogenys kinabaluensis",NA,51126.227,"Inger 1966, , , "
"Ranidae","Odorrana andersonii",NA,640889.56,"Pope 1931, , , "
"Ranidae","Odorrana banaorum",NA,121047.78,"Fei et al. 2009, , , "
"Ranidae","Odorrana grahami","eggs per clutch",344279.75,"Yang 1991, , , "
"Ranidae","Odorrana hosii","eggs per clutch",967789.63,"Fei et al. 2009, , , "
"Ranidae","Odorrana jingdongensis",NA,115517.31,"Fei et al. 2009, , , "
"Ranidae","Odorrana junlianensis",NA,15033.285,"Fei et al. 2009, , , "
"Ranidae","Odorrana livida","eggs per clutch",8.6556768,"Chen 1991, Chen 1991, Huang et al. 1990, , "
"Ranidae","Odorrana margaretae","eggs per clutch",602758.25,"Bain et al. 2003, , , "
"Ranidae","Odorrana schmackeri","eggs per clutch",1410153.6,"Ye et al. 1993, Chen 1991, Huang et al. 1990, , "
"Ranidae","Odorrana swinhoana","eggs per clutch",17337.842,"Fei et al. 2009, , , "
"Ranidae","Odorrana tiannanensis",NA,43229.406,"Fei et al. 2009, , , "
"Ranidae","Odorrana tormota","eggs per clutch",28319.156,"Fei et al. 2009, , , "
"Ranidae","Odorrana versabilis","eggs per clutch",188567.38,"Chen 1991, , , "
"Ranidae","Pelophylax fukienensis","eggs per clutch",422903.56,"Fei et al. 2009, , , "
"Ranidae","Pelophylax nigromaculatus","eggs per clutch",4299119.5,"Chen 1991, Chen 1991, Huang et al. 1990, Ye et al. 1993, Wells 1977, "
"Ranidae","Pelophylax plancyi","eggs per clutch",744103.56,"Fei et al. 2009, Wells 1977, , "
"Ranidae","Pseudorana weiningensis","eggs per clutch",57098.113,"Fei et al. 2009, , , "
"Ranidae","Rana amurensis","eggs per clutch",7787711.5,"Pope 1931, Kuzmin 1999, , "
"Ranidae","Rana arvalis","eggs per clutch",9866021,"Inger and Bacon 1968, Kuzmin 1999, Wells 1977, , "
"Ranidae","Rana asiatica","eggs per clutch",174860.13,"Pope 1931, Kuzmin 1999, , "
"Ranidae","Rana aurora","eggs per clutch",217102.16,"Nussbaum et al. 1983, Pearl et al. 2005, , "
"Ranidae","Rana boylii","eggs per clutch",194999.91,"Nussbaum et al. 1983, Nussbaum et al. 1983, Stebbins 1951, Wright and Wright 1949, , "
"Ranidae","Rana chaochiaoensis","eggs per clutch",359124.03,"Yang 1991, , , "
"Ranidae","Rana chensinensis","eggs per clutch",2840851.8,"Okada 1966, Inger and Bacon 1968, Ye et al. 1993, Lu et al. 2009, "
"Ranidae","Rana dalmatina","eggs per clutch",1803031.6,"Lode et al. 2005, Kuzmin 1999, Wells 1977, "
"Ranidae","Rana huanrenensis","eggs per clutch",NA,"Fei et al. 2009, , , "
"Ranidae","Rana japonica","eggs per clutch",233570.2,"Pope 1931, Chen 1991, Wells 1977, "
"Ranidae","Rana johnsi","eggs per clutch",125642.47,"Fei et al. 2009, , , "
"Ranidae","Rana kukunoris","eggs per clutch",733978.06,"Fei et al. 2009, , , "
"Ranidae","Rana kunyuensis","eggs per clutch",NA,"Fei et al. 2009, , , "
"Ranidae","Rana longicrus","eggs per clutch",6895.9287,"Fei et al. 2009, , , "
"Ranidae","Rana luteiventris","eggs per clutch",1321093,"Greene and Funk 2009, Maxell et al. 2003, , "
"Ranidae","Rana omeimontis","eggs per clutch",445271.28,"Ye et al. 1993, , , "
"Ranidae","Rana ornativentris","eggs per clutch",279146.91,"Okada 1966, , , "
"Ranidae","Rana pretiosa","eggs per clutch",62461.172,"Fei et al. 2009, Pearl et al. 2005, , "
"Ranidae","Rana shuchinae","eggs per clutch",35189.117,"Yang 1991, , , "
"Ranidae","Rana tagoi",NA,283551.63,"Fei et al. 2009, , , "
"Ranidae","Rana temporaria","eggs per clutch",7774142.5,"Yang 1991, Morrison and Hero 2003, Wells 1977, "
"Ranidae","Rana tsushimensis","eggs per clutch",656.75549,"Okada 1966, Maeda and Matsui 1990, , "
"Ranidae","Rana zhenhaiensis","eggs per clutch",836074.94,"Fei et al. 2009, , , "
"Ranidae","Staurois latopalmatus",NA,138208.3,"Inger 1966, , , "
"Ranidae","Staurois natator",NA,18391.439,"Inger 1966, , , "
"Rhacophoridae","Buergeria buergeri","eggs per clutch",281857.28,"Ueda et al. 1998, Fukuyama and Kusano 1992, , "
"Rhacophoridae","Buergeria japonica","eggs per clutch",2409.3921,"Huang et al. 2001, Okada 1966, , "
"Rhacophoridae","Buergeria oxycephala",NA,14353.003,"Ye et al. 1993, Pope 1931, , , "
"Rhacophoridae","Buergeria robusta",NA,25813.082,"Huang et al. 2001, , , "
"Rhacophoridae","Chiromantis doriae","eggs per clutch",NA,"Pope 1931, , , "
"Rhacophoridae","Chiromantis xerampelina","eggs per clutch",2780903,"Jennions et al. 1992, , , "
"Rhacophoridae","Feihyla vittata","eggs per clutch",NA,"Yang 1991, Hu et al. 1987, , "
"Rhacophoridae","Gracixalus gracilipes",NA,40407.371,"Yang 1991, , , "
"Rhacophoridae","Gracixalus quangi ","eggs per clutch",NA,"Rowley et al. 2011, , , "
"Rhacophoridae","Kurixalus eiffingeri","eggs per clutch",23696.799,"Fei et al. 2009, , , "
"Rhacophoridae","Philautus aurifasciatus","eggs per clutch",164383.45,"Inger 1966, Dring 1979, Alcala 1986, , "
"Rhacophoridae","Polypedates leucomystax","eggs per clutch",3912332.3,"Inger 1966, Yang 1991, McKay 2006, "
"Rhacophoridae","Polypedates megacephalus","eggs per clutch",1769823,"Fei et al. 2009, , , "
"Rhacophoridae","Polypedates mutus",NA,544923.19,"Yang 1991, , , "
"Rhacophoridae","Rhacophorus arboreus","eggs per clutch",NA,"Okada 1966, Okada 1966, Pope 1931, Kasuya et al. 1996, "
"Rhacophoridae","Rhacophorus dennysi","eggs per clutch",NA,"Ye et al. 1993, Chen 1991, Huang et al. 1990, Pope 1931, Ye et al. 1993, , "
"Rhacophoridae","Rhacophorus dugritei","eggs per clutch",NA,"Fei et al. 2009, , , "
"Rhacophoridae","Rhacophorus feae",NA,NA,"Fei et al. 2009, , , "
"Rhacophoridae","Rhacophorus kio",NA,883418.81,"Fei et al. 2009, , , "
"Rhacophoridae","Rhacophorus moltrechti","eggs per clutch",NA,"Fei et al. 2009, , , "
"Rhacophoridae","Rhacophorus nigropunctatus",NA,NA,"Fei et al. 2009, , , "
"Rhacophoridae","Rhacophorus omeimontis","eggs per clutch",NA,"Liao and Lu 2011, Liao and Lu 2010, , "
"Rhacophoridae","Rhacophorus reinwardtii","eggs per clutch",614432.44,"Yang 1991, Ye et al. 1993, Pope 1931, , "
"Rhacophoridae","Rhacophorus rhodopus","eggs per clutch",1189436.4,"Fei et al. 2009, , , "
"Rhacophoridae","Rhacophorus schlegelii","eggs per clutch",NA,"Inger 1947, Okada 1966, Fei et al. 2009, , "
"Rhinophrynidae","Rhinophrynus dorsalis","eggs per clutch",336967.16,"Campbell 1998, Savage 2002, , "
"Scaphiopodidae","Scaphiopus couchii","eggs per clutch",1951337.5,"Degenhardt et al. 1996, Wells 1977, , "
"Scaphiopodidae","Scaphiopus holbrookii",NA,1117104,"Saenz et al. 2006, Wells 1977, , "
"Scaphiopodidae","Scaphiopus hurterii",NA,452912,"Wright and Wright 1949, Wells 1977, , "
"Scaphiopodidae","Spea bombifrons","eggs per clutch",2525304,"Wright and Wright 1949, Wright and Wright 1949, Smith 1950, Hoser 1989, Wells 1977, "
"Scaphiopodidae","Spea hammondii","eggs per clutch",121674.28,"Wright and Wright 1949, Stebbins 1951, Wells 1977, "
"Scaphiopodidae","Spea intermontana","eggs per clutch",1000665.5,"Wright and Wright 1949, Nussbaum et al. 1983, Nussbaum et al. 1983, Stebbins 1951, Wells 1977, "
"Sooglossidae","Sechellophryne pipilodryas",NA,7.3026376,"Gerlach and Willi 2002, , , "
